id,unit_number,tenant_name,email,phone_number
1,Room 1239,Perren Ducker,pducker0@aboutads.info,+234 701 808 2769
2,10th Floor,Win Braithwait,wbraithwait1@mashable.com,+355 638 562 7046
3,PO Box 59875,Gwendolin Barfitt,gbarfitt2@dailymotion.com,+31 427 958 7930
4,14th Floor,Lynnea Dyne,ldyne3@upenn.edu,+504 480 455 5935
5,PO Box 97004,Catharina Chant,cchant4@cnn.com,+374 160 185 4050
6,PO Box 89968,Reinwald Matyas,rmatyas5@arstechnica.com,+995 525 715 1590
7,PO Box 91524,Bone Fathers,bfathers6@flickr.com,+62 610 434 7209
8,Room 285,Hilliard Salaman,hsalaman7@wix.com,+86 727 778 5700
9,Suite 41,Bellanca Davidovitz,bdavidovitz8@noaa.gov,+351 991 673 2696
10,18th Floor,Marion Gatherer,mgatherer9@utexas.edu,+62 510 157 2313
