expense_id,description,amount,date,paid_to
1,Open wound of ear drum,3508,2/21/2025,'
2,Extradural hemor-no coma,1054,2/11/2025,â¢
3,Jt stiffness NEC-shlder,8196,1/13/2025,NIL
4,Hereditary edema of legs,6295,1/14/2025,ï½€ï½¨(Â´âˆ€ï½€âˆ©
5,Otorrhea NOS,2075,1/7/2025,"__ï¾›(,_,*)"
6,Mycotic arthritis-up/arm,6572,1/12/2025,../../../../../../../../../../../etc/passwd%00
7,Opn skul vlt fx-brf coma,8133,1/17/2025,ï¼‘ï¼’ï¼“
8,Consl partner prob,8213,2/4/2025,ğŸš¾ ğŸ†’ ğŸ†“ ğŸ†• ğŸ†– ğŸ†— ğŸ†™ ğŸ§
9,Chr tot occlus cor artry,5846,2/23/2025,éƒ¨è½æ ¼
10,Benign neoplasm pleura,9545,2/20/2025,!@#$%^&*()
11,Drug persisting dementia,8246,2/18/2025,å’Œè£½æ¼¢èª
12,Chr pyelonephritis NOS,5838,2/25/2025,â°â´âµ
13,Chondromalacia,8160,3/3/2025,ğŸ‘©ğŸ½
14,Ventricular fibrillation,6702,3/6/2025,-1/2
15,FB respiratory tree NOS,5204,2/4/2025,-1.00
16,Periostitis NEC,9671,1/24/2025,-1E2
17,Foreign body in nose,3112,3/28/2025,nil
18,Vert fx NOS-cl w crd inj,9347,2/20/2025,ì‚¬íšŒê³¼í•™ì› ì–´í•™ì—°êµ¬ì†Œ
19,Benign neo cranial nerve,4878,1/14/2025,-$1.00
20,West equine encephalitis,2566,2/18/2025,-1E02
21,Uterine size descrp-unsp,5519,1/14/2025,-1E02
22,TB lung infiltr-micro dx,4799,1/26/2025,ï¼‘ï¼’ï¼“
23,Family hx-kidney malig,3394,1/30/2025,-1E02
24,Oth unspcf nspf imun fnd,8499,3/2/2025,$1.00
25,Trigeminal nerve dis NOS,7519,2/7/2025,Ã…ÃÃÃËÃ“Ã”ï£¿Ã’ÃšÃ†â˜ƒ
26,Caregiving NEC,5948,3/24/2025,éƒ¨è½æ ¼
27,Opn wnd scapula w tendon,3692,1/31/2025,1E+02
28,Early complic trauma NEC,7016,3/28/2025,'
29,Opn cerebel lac w/o coma,2635,1/23/2025,ï¼‘ï¼’ï¼“
30,Other hyperkinetic synd,6078,3/27/2025,ğŸ‘¾ ğŸ™‡ ğŸ’ ğŸ™… ğŸ™† ğŸ™‹ ğŸ™ ğŸ™ 
31,Hyperparathyroidism NEC,2438,2/23/2025,NIL
32,Injury cranial nerve NOS,9009,3/23/2025,ğŸ˜
33,Mnplg lwr lmb nondmnt sd,3722,2/27/2025,(â•¯Â°â–¡Â°ï¼‰â•¯ï¸µ â”»â”â”»)  
34,Infect/parasite dis NOS,5186,1/23/2025,testâ testâ€«
35,Respiratory comp NEC,9219,3/21/2025,(ï½¡â—• âˆ€ â—•ï½¡)
36,Mod intellect disability,2251,3/22/2025,() { _; } >_[$($())] { touch /tmp/blns.shellshock2.fail; }
37,Jt derangement NOS-ankle,9645,1/31/2025,$1.00
38,Puerp comp NOS-del w p/p,2945,1/14/2025,ï¾Ÿï½¥âœ¿ãƒ¾â•²(ï½¡â—•â€¿â—•ï½¡)â•±âœ¿ï½¥ï¾Ÿ
39,Attemp abort w embolism,1134,3/6/2025,ç”°ä¸­ã•ã‚“ã«ã‚ã’ã¦ä¸‹ã•ã„
40,Extreme immatur 500-749g,5301,1/19/2025,"'""'"
41,Comp-genitourin dev/grft,5801,1/29/2025,â¢
42,Patent ductus arteriosus,1229,2/1/2025,"__ï¾›(,_,*)"
43,Dislocat knee NEC-closed,6886,1/22/2025,"""''''""'"""
44,Upper limb anomaly NEC,9028,2/22/2025,""""
45,Cl skul base fx w/o coma,6850,3/22/2025,Å’â€Â´â€°Ë‡ÃÂ¨Ë†Ã˜âˆâ€â€™
46,Adv eff pyrazole deriv,9086,3/27/2025,â¤ï¸ ğŸ’” ğŸ’Œ ğŸ’• ğŸ’ ğŸ’“ ğŸ’— ğŸ’– ğŸ’˜ ğŸ’ ğŸ’Ÿ ğŸ’œ ğŸ’› ğŸ’š ğŸ’™
47,Malignant neopl placenta,4285,3/8/2025,-$1.00
48,Carbuncle of trunk,4661,3/27/2025,ğŸ‘¾ ğŸ™‡ ğŸ’ ğŸ™… ğŸ™† ğŸ™‹ ğŸ™ ğŸ™ 
49,Aneurysm NEC,6542,1/21/2025,â£
50,T1-t6 fx-cl/ant cord syn,3545,2/23/2025,â€ªâ€ªtestâ€ª
51,Hodg lymph-histio axilla,7794,1/10/2025,âœ‹ğŸ¿ ğŸ’ªğŸ¿ ğŸ‘ğŸ¿ ğŸ™ŒğŸ¿ ğŸ‘ğŸ¿ ğŸ™ğŸ¿
52,Burn NOS arm-multiple,5003,2/19/2025,ì‚¬íšŒê³¼í•™ì› ì–´í•™ì—°êµ¬ì†Œ
53,Hodg nodul sclero spleen,3030,3/28/2025,null
54,Abn amnion NEC aff NB,6908,3/14/2025,<svg><script>0<1>alert('XSS')</script>
55,"Subendo infarct, initial",2200,3/9/2025,Å“âˆ‘Â´Â®â€ Â¥Â¨Ë†Ã¸Ï€â€œâ€˜
56,Sec DM ketoacd uncntrld,5727,1/13/2025,"__ï¾›(,_,*)"
57,Cornea neovasculariz NOS,9865,2/15/2025,âœ‹ğŸ¿ ğŸ’ªğŸ¿ ğŸ‘ğŸ¿ ğŸ™ŒğŸ¿ ğŸ‘ğŸ¿ ğŸ™ğŸ¿
58,Ob pyemic embol-unspec,4584,1/3/2025,"""'""'""''''"""
59,Cellulitis of foot,6423,3/11/2025,ã€€
60,Oth powered aircraft acc,2544,1/18/2025,",ã€‚ãƒ»:*:ãƒ»ã‚œâ€™( â˜» Ï‰ â˜» )ã€‚ãƒ»:*:ãƒ»ã‚œâ€™"
61,Varicella complicat NEC,3959,2/2/2025,"<>?:""{}|_+"
62,Visible peristalsis,7927,2/25/2025,ğŸ‘©ğŸ½
63,"Fx mult phalan, hand-opn",4790,2/9/2025,(â•¯Â°â–¡Â°ï¼‰â•¯ï¸µ â”»â”â”»)  
64,Tick-borne enceph NEC,1233,2/26/2025,ç”°ä¸­ã•ã‚“ã«ã‚ã’ã¦ä¸‹ã•ã„
65,Acute lung edema NOS,2966,3/15/2025,null
66,Mononeuritis NOS,3797,1/31/2025,nil
67,Phlycten keratoconjunct,9601,2/27/2025,-1E2
68,Vrnt mgrn w ntrc mgr NEC,3863,2/22/2025,-1.00
69,Traum hemothorax-closed,2366,1/24/2025,ğŸ˜
70,Central corneal ulcer,8226,3/23/2025,â°â´âµ
71,Ot VD chlm trch unspf gu,1514,2/3/2025,âœ‹ğŸ¿ ğŸ’ªğŸ¿ ğŸ‘ğŸ¿ ğŸ™ŒğŸ¿ ğŸ‘ğŸ¿ ğŸ™ğŸ¿
72,Impairm auditory discrim,5973,1/30/2025,"""''''""'"""
73,Adv eff sympatholytics,8344,1/9/2025,`â„â‚¬â€¹â€ºï¬ï¬‚â€¡Â°Â·â€šâ€”Â±
74,Elbow enthesopathy NOS,1222,1/24/2025,<script>alert('hi')</script>
75,Ac miliary tb-exam unkn,2761,2/12/2025,`â„â‚¬â€¹â€ºï¬ï¬‚â€¡Â°Â·â€šâ€”Â±
76,Nerve/musculskel sym NEC,5050,1/19/2025,1E02
77,Cracked nipple-postpart,5432,3/13/2025,-1E2
78,Adjustment dis w anxiety,9307,1/17/2025,"Ø«Ù… Ù†ÙØ³ Ø³Ù‚Ø·Øª ÙˆØ¨Ø§Ù„ØªØ­Ø¯ÙŠØ¯ØŒ, Ø¬Ø²ÙŠØ±ØªÙŠ Ø¨Ø§Ø³ØªØ®Ø¯Ø§Ù… Ø£Ù† Ø¯Ù†Ùˆ. Ø¥Ø° Ù‡Ù†Ø§ØŸ Ø§Ù„Ø³ØªØ§Ø± ÙˆØªÙ†ØµÙŠØ¨ ÙƒØ§Ù†. Ø£Ù‡Ù‘Ù„ Ø§ÙŠØ·Ø§Ù„ÙŠØ§ØŒ Ø¨Ø±ÙŠØ·Ø§Ù†ÙŠØ§-ÙØ±Ù†Ø³Ø§ Ù‚Ø¯ Ø£Ø®Ø°. Ø³Ù„ÙŠÙ…Ø§Ù†ØŒ Ø¥ØªÙØ§Ù‚ÙŠØ© Ø¨ÙŠÙ† Ù…Ø§, ÙŠØ°ÙƒØ± Ø§Ù„Ø­Ø¯ÙˆØ¯ Ø£ÙŠ Ø¨Ø¹Ø¯, Ù…Ø¹Ø§Ù…Ù„Ø© Ø¨ÙˆÙ„Ù†Ø¯Ø§ØŒ Ø§Ù„Ø¥Ø·Ù„Ø§Ù‚ Ø¹Ù„ Ø¥ÙŠÙˆ."
79,Fx alveolar bord mand-cl,5490,1/15/2025,() { _; } >_[$($())] { touch /tmp/blns.shellshock2.fail; }
80,"Urin-genital fistul, fem",2468,1/2/2025,",./;'[]\-="
81,Surgical convalescence,6538,3/20/2025,-1
82,"Cellulitis, site NEC",6263,1/29/2025,ğŸš¾ ğŸ†’ ğŸ†“ ğŸ†• ğŸ†– ğŸ†— ğŸ†™ ğŸ§
83,Palindrom rheum-jt NEC,1214,3/15/2025,ï½€ï½¨(Â´âˆ€ï½€âˆ©
84,Throat pain,3635,2/1/2025,Ì¡Í“Í…ÌIÍÌ—Ì˜Ì¦nÍ‡Í‡Í™vÌ®Ì«okÌ²Ì«Ì™ÍˆiÌ–Í™Ì­Ì¹Ì ÌnÌ¡Ì»Ì®Ì£ÌºgÌ²ÍˆÍ™Ì­Í™Ì¬Í Ì°tÍ”Ì¦hÌÌ²eÌ¢Ì¤ ÍÌ¬Ì²Í–fÌ´Ì˜Í•Ì£eÍ€Í–eÌ£Ì¥Ì©lÍ–Í”ÍšiÍ Í“ÍšÌ¦nÍ–ÍÌ—Í“Ì³Ì®gÍ Ì¨oÍ¡ÍšÌªfÌ˜Ì£Ì¬ Ì–Ì˜Í–ÌŸÍ™Ì®cÒ‰Í”Ì«Í–Í“Í‡Í–Í…hÌµÌ¤Ì£ÍšÍ”aÍÌ—Ì¼Í…Í•oÌ¼Ì£Ì¥sÍ¢Ì±ÍˆÌºÌ–Ì¦Ì».Ì›Ì–ÌÌ Ì«Ì°
85,Derangement meniscus NEC,4473,1/4/2025,
86,Corneal grft malfunction,7143,3/26/2025,â¡
87,Idio prog polyneuropathy,7724,3/13/2025,NIL
88,Second malig neo kidney,1059,3/13/2025,ï¾Ÿï½¥âœ¿ãƒ¾â•²(ï½¡â—•â€¿â—•ï½¡)â•±âœ¿ï½¥ï¾Ÿ
89,Acq color deficiency,6911,3/2/2025,999999999999999999999999999999999999999999999999999999999999999999999999999999999999999999999999
90,Cl skul vlt fx-deep coma,1672,3/28/2025,"Ø«Ù… Ù†ÙØ³ Ø³Ù‚Ø·Øª ÙˆØ¨Ø§Ù„ØªØ­Ø¯ÙŠØ¯ØŒ, Ø¬Ø²ÙŠØ±ØªÙŠ Ø¨Ø§Ø³ØªØ®Ø¯Ø§Ù… Ø£Ù† Ø¯Ù†Ùˆ. Ø¥Ø° Ù‡Ù†Ø§ØŸ Ø§Ù„Ø³ØªØ§Ø± ÙˆØªÙ†ØµÙŠØ¨ ÙƒØ§Ù†. Ø£Ù‡Ù‘Ù„ Ø§ÙŠØ·Ø§Ù„ÙŠØ§ØŒ Ø¨Ø±ÙŠØ·Ø§Ù†ÙŠØ§-ÙØ±Ù†Ø³Ø§ Ù‚Ø¯ Ø£Ø®Ø°. Ø³Ù„ÙŠÙ…Ø§Ù†ØŒ Ø¥ØªÙØ§Ù‚ÙŠØ© Ø¨ÙŠÙ† Ù…Ø§, ÙŠØ°ÙƒØ± Ø§Ù„Ø­Ø¯ÙˆØ¯ Ø£ÙŠ Ø¨Ø¹Ø¯, Ù…Ø¹Ø§Ù…Ù„Ø© Ø¨ÙˆÙ„Ù†Ø¯Ø§ØŒ Ø§Ù„Ø¥Ø·Ù„Ø§Ù‚ Ø¹Ù„ Ø¥ÙŠÙˆ."
91,Breech extr NOS-unspec,5474,2/23/2025,<script>alert('hi')</script>
92,Aneurysm of neck,4753,3/14/2025,-$1.00
93,Mumps hepatitis,8636,3/25/2025,
94,Peroxisomal disorders,7479,2/7/2025,`â„â‚¬â€¹â€ºï¬ï¬‚â€¡Â°Â·â€šâ€”Â±
95,Mal neo bladder neck,4156,2/21/2025,0ï¸âƒ£ 1ï¸âƒ£ 2ï¸âƒ£ 3ï¸âƒ£ 4ï¸âƒ£ 5ï¸âƒ£ 6ï¸âƒ£ 7ï¸âƒ£ 8ï¸âƒ£ 9ï¸âƒ£ ğŸ”Ÿ
96,Idiopth lym interst pneu,6536,2/9/2025,ğŸ˜
97,Open wnd trunk NEC-compl,1422,1/12/2025,testâ testâ€«
98,Iatrogen hypothyroid NEC,2407,2/28/2025,ç”°ä¸­ã•ã‚“ã«ã‚ã’ã¦ä¸‹ã•ã„
99,Pl cocidioidomycosis NOS,5573,2/3/2025,''
100,Pois-anticonvul NEC/NOS,8411,3/22/2025,`â„â‚¬â€¹â€ºï¬ï¬‚â€¡Â°Â·â€šâ€”Â±
